[
  {
    "id": 1,
    "minimum_date": "25-11-2020",
    "test_state": "unreserved",
    "licence_number": "kausa756068f99kx",
    "reference_number": "45978498",
    "test_center": "Bradford (Thornbury)",
    "secondary_test_centers": ["Bradford (Heaton)","Bradford (Halifax)"],
    "email": "saloot@gmail.com",
    "maximum_date": "25-01-2021",
    "minimum_time": "8:00",
    "maximum_time": "13:00"
  },
  {
    "id": 2,
    "minimum_date": "25-11-2020",
    "test_state": "unreserved",
    "licence_number": "MALIK954288TG9BM",
    "reference_number": "45963948",
    "test_center": "Bradford (Heaton)",
    "secondary_test_centers": ["Bradford (Thornbury)"],
    "email": "saloot@gmail.com",
    "maximum_date": "25-12-2021",
    "minimum_time": "8:00",
    "maximum_time": "13:00"
  }
]